<?xml version="1.0" encoding="utf-8"?>
<!--/1098281/1109116/2.50/5/4/Variable Resistor/-->
<quadcept_library>
  <setting unit="mil" />
  <textstyle name="Default" height="47.244094488189" strokewidth="7.8740157480315" charwidth="47.244094488189" />
  <textstyle name="Dimension" height="19.6850393700787" strokewidth="0" charwidth="19.6850393700787" />
  <textstyle name="H127W0635TH00762" height="50" strokewidth="3" charwidth="25" />
  <textstyle name="H15W15TH02" height="59.0551181102362" strokewidth="7.8740157480315" charwidth="59.0551181102362" />
  <padstyle name="c165_h110" surface="False" plated="True" isvia="False" nopaste="True" nomask="True" complex="False" holesize="43.307086614173">
    <padshape layer="TOP" shape="round" width="64.960629921259" height="64.960629921259" />
    <padshape layer="TOP_SOLDER_MASK" shape="round" width="72.83464566929" height="72.83464566929" />
    <padshape layer="INNER" shape="round" width="64.960629921259" height="64.960629921259" />
    <padshape layer="BOTTOM" shape="round" width="64.960629921259" height="64.960629921259" />
    <padshape layer="BOTTOM_SOLDER_MASK" shape="round" width="72.83464566929" height="72.83464566929" />
  </padstyle>
  <padstyle name="c349.5_h233" surface="False" plated="True" isvia="False" nopaste="True" nomask="True" complex="False" holesize="91.732283464566">
    <padshape layer="TOP" shape="round" width="137.59842519685" height="137.59842519685" />
    <padshape layer="TOP_SOLDER_MASK" shape="round" width="145.47244094488" height="145.47244094488" />
    <padshape layer="INNER" shape="round" width="137.59842519685" height="137.59842519685" />
    <padshape layer="BOTTOM" shape="round" width="137.59842519685" height="137.59842519685" />
    <padshape layer="BOTTOM_SOLDER_MASK" shape="round" width="145.47244094488" height="145.47244094488" />
  </padstyle>
  <footprint name="RD901F4015R1B10K00DL1" originx="0" originy="0" pickpointx="0" pickpointy="0">
    <pcbpin number="1" name="1" style="c165_h110" originx="0" originy="0" rotation="90" />
    <pcbpin number="2" name="2" style="c165_h110" originx="98.425196850392" originy="0" rotation="90" />
    <pcbpin number="3" name="3" style="c165_h110" originx="196.85039370078" originy="0" rotation="90" />
    <pcbpin number="4" name="MH1" style="c349.5_h233" originx="-90.551181102361" originy="295.27559055118" rotation="90" />
    <pcbpin number="5" name="MH2" style="c349.5_h233" originx="287.40157480315" originy="295.27559055118" rotation="90" />
    <line layer="TOP_ASSEMBLY" originx="-88.582677165353" originy="486.22047244094" endx="285.43307086614" endy="486.22047244094" width="7.8740157480314" />
    <line layer="TOP_ASSEMBLY" originx="285.43307086614" originy="486.22047244094" endx="285.43307086614" endy="39.370078740157" width="7.8740157480314" />
    <line layer="TOP_ASSEMBLY" originx="285.43307086614" originy="39.370078740157" endx="-88.582677165353" endy="39.370078740157" width="7.8740157480314" />
    <line layer="TOP_ASSEMBLY" originx="-88.582677165353" originy="39.370078740157" endx="-88.582677165353" endy="486.22047244094" width="7.8740157480314" />
    <line layer="TOP_PLACE_BOUND" originx="-198.70078740157" originy="525.5905511811" endx="395.55118110236" endy="525.5905511811" width="3.9370078740157" />
    <line layer="TOP_PLACE_BOUND" originx="395.55118110236" originy="525.5905511811" endx="395.55118110236" endy="-100.3937007874" width="3.9370078740157" />
    <line layer="TOP_PLACE_BOUND" originx="395.55118110236" originy="-100.3937007874" endx="-198.70078740157" endy="-100.3937007874" width="3.9370078740157" />
    <line layer="TOP_PLACE_BOUND" originx="-198.70078740157" originy="-100.3937007874" endx="-198.70078740157" endy="525.5905511811" width="3.9370078740157" />
    <line layer="TOP_SILKSCREEN" originx="-90.551181102361" originy="374.01574803149" endx="-88.582677165353" endy="486.22047244094" width="3.9370078740157" />
    <line layer="TOP_SILKSCREEN" originx="-88.582677165353" originy="486.22047244094" endx="285.43307086614" endy="486.22047244094" width="3.9370078740157" />
    <line layer="TOP_SILKSCREEN" originx="285.43307086614" originy="486.22047244094" endx="285.43307086614" endy="374.01574803149" width="3.9370078740157" />
    <line layer="TOP_SILKSCREEN" originx="-90.551181102361" originy="216.53543307086" endx="-88.582677165353" endy="39.370078740157" width="3.9370078740157" />
    <line layer="TOP_SILKSCREEN" originx="-88.582677165353" originy="39.370078740157" endx="285.43307086614" endy="39.370078740157" width="3.9370078740157" />
    <line layer="TOP_SILKSCREEN" originx="285.43307086614" originy="39.370078740157" endx="285.43307086614" endy="216.53543307086" width="3.9370078740157" />
    <line layer="TOP_SILKSCREEN" originx="-19.685039370078" originy="-59.055118110235" endx="-19.685039370078" endy="-59.055118110235" width="11.811023622047" />
    <arc layer="TOP_SILKSCREEN" originx="-21.653543307086" originy="-59.055118110235" startangle=".0" sweepangle="180.0" radius="1.9685039370079" width="11.811023622047" />
    <line layer="TOP_SILKSCREEN" originx="-23.622047244094" originy="-59.055118110235" endx="-23.622047244094" endy="-59.055118110235" width="11.811023622047" />
    <arc layer="TOP_SILKSCREEN" originx="-21.653543307086" originy="-59.055118110235" startangle="180.0" sweepangle="180.0" radius="1.9685039370079" width="11.811023622047" />
  </footprint>
  <symbol name="RD901F-40-15R1-B10K-00DL1" originx="0" originy="0">
    <line originx="200" originy="100" endx="700" endy="100" width="0" />
    <line originx="700" originy="-300" endx="700" endy="100" width="0" />
    <line originx="700" originy="-300" endx="200" endy="-300" width="0" />
    <line originx="200" originy="100" endx="200" endy="-300" width="0" />
    <sympin number="1" originx="200" originy="0" rotation="180" length="100" width="7.8740157480315" flipped="False">
      <text name="pinname" originx="230" originy="0" style="Default" rotation="0" justify="left" flipped="False" hidden="False" data="1" />
      <text name="pindes" originx="140" originy="20" style="Default" rotation="0" justify="lowerright" flipped="False" hidden="False" data="1" />
    </sympin>
    <sympin number="2" originx="200" originy="-100" rotation="180" length="100" width="7.8740157480315" flipped="False">
      <text name="pinname" originx="230" originy="-100" style="Default" rotation="0" justify="left" flipped="False" hidden="False" data="2" />
      <text name="pindes" originx="140" originy="-80" style="Default" rotation="0" justify="lowerright" flipped="False" hidden="False" data="2" />
    </sympin>
    <sympin number="3" originx="200" originy="-200" rotation="180" length="100" width="7.8740157480315" flipped="False">
      <text name="pinname" originx="230" originy="-200" style="Default" rotation="0" justify="left" flipped="False" hidden="False" data="3" />
      <text name="pindes" originx="140" originy="-180" style="Default" rotation="0" justify="lowerright" flipped="False" hidden="False" data="3" />
    </sympin>
    <sympin number="4" originx="700" originy="0" rotation="0" length="100" width="7.8740157480315" flipped="False">
      <text name="pinname" originx="670" originy="0" style="Default" rotation="0" justify="right" flipped="False" hidden="False" data="MH1" />
      <text name="pindes" originx="760" originy="20" style="Default" rotation="0" justify="lowerleft" flipped="False" hidden="False" data="MH1" />
    </sympin>
    <sympin number="5" originx="700" originy="-100" rotation="0" length="100" width="7.8740157480315" flipped="False">
      <text name="pinname" originx="670" originy="-100" style="Default" rotation="0" justify="right" flipped="False" hidden="False" data="MH2" />
      <text name="pindes" originx="760" originy="-80" style="Default" rotation="0" justify="lowerleft" flipped="False" hidden="False" data="MH2" />
    </sympin>
  </symbol>
  <component name="RD901F-40-15R1-B10K-00DL1" designatorprefix="VR" height="1023.6220472441" footprint="RD901F4015R1B10K00DL1">
    <comppin designator="1" sympin="1" pinswap="0" gateswap="0" gate="1" group="1" side="" type="Any" name="1" />
    <comppin designator="2" sympin="2" pinswap="0" gateswap="0" gate="1" group="1" side="" type="Any" name="2" />
    <comppin designator="3" sympin="3" pinswap="0" gateswap="0" gate="1" group="1" side="" type="Any" name="3" />
    <comppin designator="MH1" sympin="4" pinswap="0" gateswap="0" gate="1" group="1" side="" type="Any" name="MH1" />
    <comppin designator="MH2" sympin="5" pinswap="0" gateswap="0" gate="1" group="1" side="" type="Any" name="MH2" />
    <attached_symbol gate="1" name="RD901F-40-15R1-B10K-00DL1" />
    <pinmap designator="1" footprintpin="1" />
    <pinmap designator="2" footprintpin="2" />
    <pinmap designator="3" footprintpin="3" />
    <pinmap designator="MH1" footprintpin="4" />
    <pinmap designator="MH2" footprintpin="5" />
    <text name="Datasheet" originx="0" originy="0" style="Default" rotation="0" justify="" flipped="False" hidden="True" data="" />
    <text name="Description" originx="0" originy="0" style="Default" rotation="0" justify="" flipped="False" hidden="True" data="Potentiometers 9mm Linear 10K Round Shaft" />
    <text name="Mouser Part Number" originx="0" originy="0" style="Default" rotation="0" justify="" flipped="False" hidden="True" data="311-1940F-15R1-B10K" />
    <text name="Mouser Price/Stock" originx="0" originy="0" style="Default" rotation="0" justify="" flipped="False" hidden="True" data="https://www.mouser.co.uk/ProductDetail/Alpha-Taiwan/RD901F-40-15R1-B10K-00DL1?qs=1mbolxNpo8c1WX5KjxIjjw%3D%3D" />
    <text name="Manufacturer_Name" originx="0" originy="0" style="Default" rotation="0" justify="" flipped="False" hidden="True" data="Alpha (Taiwan)" />
    <text name="Manufacturer_Part_Number" originx="750" originy="200" style="Default" rotation="0" justify="left" flipped="False" hidden="False" data="RD901F-40-15R1-B10K-00DL1" />
  </component>
</quadcept_library>
